epoch,time,lr,loss,acc,val_loss,val_acc
1,82.22886429199934,0.001,0.3173372922726042,91.84069936862555,0.19671253813671943,92.09844559585493
2,81.37868495799921,0.001,0.12297597262988454,96.2765096325077,0.08144316984427408,97.40932642487047
3,81.32008587499877,0.001,0.08610604576958274,97.05358588311478,0.034195445420056425,98.70466321243524
4,81.53797675000169,0.001,0.0851745515970113,97.24785494576655,0.07779420028730788,98.05699481865285
5,82.24558729199998,0.001,0.07994982622224903,97.60401489396148,0.05372360762548899,97.92746113989638
6,81.76250266600255,0.001,0.0671500907817357,97.91160757649344,0.05610040474412818,98.57512953367876
7,81.73955675000252,0.001,0.055322069907824796,98.25157843613404,0.06400671857213143,97.79792746113989
8,81.72841470799904,0.001,0.05066100305543514,98.36490205601424,0.05151076209514252,98.44559585492227
