epoch,time,lr,loss,acc,val_loss,val_acc
1,123.63697266599047,0.001,0.6780447395407152,72.30046948356808,0.4457000294806426,83.54922279792746
