accuracy,f1_score,sensitivity,specificity,loss
98.85496183206106,0.9882612319076408,0.9874074074074075,0.989272632129775,0.07941888279127676
99.23664122137404,0.9914583333333334,0.9897435897435898,0.9933993399339934,0.06754207924457327
98.47328244274809,0.9836033382425136,0.9814814814814815,0.9865319865319865,0.1298585261735504
98.47328244274809,0.9842970130943524,0.9831791016001542,0.9857750896057348,0.11568651842638156
98.85496183206106,0.9889664826252419,0.9883663610371686,0.9896907216494846,0.07029739224507472
