epoch,time,lr,loss,acc,val_loss,val_acc
1,123.8253500420251,0.001,0.3346808530500025,92.43969564513517,0.09269214166724002,97.66839378238342
