,train_loss,val_loss,train_accuracy,val_accuracy
0,0.5011297532525727,0.5252102769586005,0.8082120582120582,0.7754677754677755
