accuracy_mean,accuracy_lower_ci,accuracy_upper_ci,f1_score_mean,f1_score_lower_ci,f1_score_upper_ci,sensitivity_mean,sensitivity_lower_ci,sensitivity_upper_ci,specificity_mean,specificity_lower_ci,specificity_upper_ci,loss_mean,loss_lower_ci,loss_upper_ci
97.80432432432431,97.38045738045739,98.21205821205821,0.978172502613465,0.9739234907676941,0.9823154779520102,0.9739729908594815,0.9675561115816856,0.9800085644371941,0.9824174660769672,0.9771546758239216,0.9876053352310514,0.07542174843319335,0.05879960499559152,0.093912698682901
