epoch,time,lr,loss,acc,val_loss,val_acc
1,102.69703816699985,0.001,0.8281341179570894,57.73028978468512,0.6556661610776279,67.61658031088083
2,97.21858220799913,0.001,0.7696717150373059,66.77999028654686,0.6032957610688678,72.40932642487047
