epoch,time,lr,loss,acc,val_loss,val_acc
1,137.73945529100092,0.001,0.2895593084750755,92.97393556742756,0.04876123723414741,98.3160621761658
2,133.3539967079996,0.001,0.07063531697578022,97.68496033673304,0.027829711542614384,98.96373056994818
3,134.5545170000005,0.001,0.038682333253576125,98.6401165614376,0.05258147316137956,98.44559585492227
4,132.2258336249979,0.001,0.048759208093669466,98.59154929577464,0.040518559963645055,98.83419689119171
5,132.1816552920027,0.001,0.036072003435761446,98.80200744698074,0.045470427772406626,98.57512953367876
6,132.85888987499857,0.001,0.029432468152280383,98.96389833252388,0.06464127614193022,97.79792746113989
7,133.22048154200093,0.001,0.029524987214376828,99.01246559818682,0.08356182468956133,98.57512953367876
