epoch,time,lr,loss,acc,val_loss,val_acc
1,113.36908312499872,0.001,0.3346808530500025,92.43969564513517,0.09269214166724002,97.66839378238342
