accuracy_mean,accuracy_lower_ci,accuracy_upper_ci,f1_score_mean,f1_score_lower_ci,f1_score_upper_ci,sensitivity_mean,sensitivity_lower_ci,sensitivity_upper_ci,specificity_mean,specificity_lower_ci,specificity_upper_ci,loss_mean,loss_lower_ci,loss_upper_ci
96.74049896049895,96.22609147609147,97.18347193347194,0.9673110462683312,0.9620915594967402,0.971930010793557,0.9695265929538234,0.9626733122968063,0.9760371677663787,0.9651206475852954,0.9571470692266776,0.972757286453858,0.1134247124980663,0.09254965621973799,0.13768142548785084
