epoch,time,lr,loss,acc,val_loss,val_acc
1,104.93218437500764,0.001,0.06041158278488854,97.99255301926502,0.052807498467516714,98.3160621761658
