epoch,time,lr,loss,acc,val_loss,val_acc
1,104.37607329100001,0.001,0.8955421927138519,54.978144730451675,0.8706805783232259,59.196891191709845
2,98.91964116700001,0.001,0.5785561352075642,75.76493443419136,0.3735310889278669,87.8238341968912
3,99.09757479100017,0.001,0.37394354844027705,86.80589282823377,0.28185196305803684,91.45077720207254
4,105.07004241699997,0.001,4.409328453417675,51.12514165452485,1.4205363278561922,20.984455958549223
5,100.10512100000005,0.001,1.4190769292051129,29.318439371863363,1.4332378565338608,20.984455958549223
6,100.87650908399996,0.001,1.3969612032035148,28.913712158005506,1.370288821082041,33.54922279792746
7,100.5218158749999,0.001,1.3810083173674945,31.342075441152662,1.3497970610702594,33.54922279792746
8,99.82641441600003,0.001,1.368086263790705,32.410555285737416,1.2849675373709881,39.50777202072539
