epoch,time,lr,loss,acc,val_loss,val_acc
1,156.96358991597663,0.001,0.28343891085728445,93.78338999514327,0.06945380875165212,97.66839378238342
2,151.000720208016,0.001,0.07065388083521874,97.70114942528735,0.051233483020003905,97.79792746113989
3,148.91165937500773,0.001,0.041930917827769816,98.67249473854622,0.08235363102529483,97.79792746113989
4,145.294481000019,0.001,0.05101284582718335,98.30014570179699,0.06700806454382897,98.57512953367876
5,145.29564708299586,0.001,0.033371273540451905,98.93152015541526,0.052681691599368155,98.44559585492227
6,145.32501533301547,0.001,0.03663854775253743,98.78581835842643,0.07377631493128259,98.05699481865285
7,145.4305702499987,0.001,0.026053693450545423,99.25530192650155,0.07493363796569553,97.92746113989638
