epoch,time,lr,loss,acc,val_loss,val_acc
1,135.53940025000338,0.001,0.2895593084750755,92.97393556742756,0.04876123723414741,98.3160621761658
2,131.95147637499758,0.001,0.07063531697578022,97.68496033673304,0.027829711542614384,98.96373056994818
3,133.3143821249978,0.001,0.038682333253576125,98.6401165614376,0.05258147316137956,98.44559585492227
4,132.70072612500007,0.001,0.048759208093669466,98.59154929577464,0.040518559963645055,98.83419689119171
5,131.68726658300147,0.001,0.036072003435761446,98.80200744698074,0.045470427772406626,98.57512953367876
6,133.05507912499888,0.001,0.029432468152280383,98.96389833252388,0.06464127614193022,97.79792746113989
7,132.81669741600126,0.001,0.029524987214376828,99.01246559818682,0.08356182468956133,98.57512953367876
