epoch,time,lr,loss,acc,val_loss,val_acc
1,115.92168166697957,0.001,0.7002952811747707,70.74631698235389,0.3277472489238403,89.76683937823834
2,114.84730791699258,0.001,0.27870878340338395,90.35130322162863,0.14341768159149842,95.46632124352331
3,114.66607066697907,0.001,0.16482633875279784,94.31762991743565,0.130622126895529,95.5958549222798
4,115.35937158300658,0.001,0.15171480475071084,95.12708434515137,0.09914810090793846,97.02072538860104
5,114.91168512500008,0.001,0.1111527637083862,96.19556418973612,0.13596968106693863,96.50259067357513
6,114.22036654202384,0.001,0.08062685966631616,97.24785494576655,0.14293427458105348,95.20725388601036
7,115.18578687499394,0.001,0.06847934327839898,97.60401489396148,0.1537289199328238,96.89119170984456
8,114.67295920901233,0.001,0.060031216968528194,97.96017484215639,0.10255924253266092,97.66839378238342
9,115.04824258299777,0.001,0.06918252894064746,97.6363930710701,0.13095553862271767,97.27979274611398
