epoch,time,lr,loss,acc,val_loss,val_acc
1,97.26019912499942,0.001,0.8896706187263823,54.783875667799904,0.8957895574792062,49.870466321243526
2,91.36371912499999,0.001,2.019653170234624,35.178889428525174,1.0760727682261888,51.16580310880829
3,91.29660341699855,0.001,0.9985019094989932,53.63445038044358,11.593681414510302,43.523316062176164
4,91.44195720800235,0.001,2.438702458217535,34.256111380929255,1.4279714069218215,33.54922279792746
5,91.1992841249994,0.001,1.387796697636648,30.710700987534402,1.367259473998312,33.93782383419689
6,91.32879216699803,0.001,1.392435038110981,30.014570179698882,1.3862447516288163,26.55440414507772
