accuracy,f1_score,sensitivity,specificity,loss
99.23664122137404,0.9918324918324918,0.9911111111111112,0.9927536231884058,0.07108294172276354
99.23664122137404,0.9914583333333334,0.9897435897435898,0.9933993399339934,0.06520235411914328
98.47328244274809,0.9836033382425136,0.9814814814814815,0.9865319865319865,0.13619735109509157
98.85496183206106,0.9878831851986215,0.9868421052631579,0.9893617021276596,0.10073224314723092
99.61832061068702,0.9958748625983426,0.9951690821256038,0.9966329966329966,0.029759664631333598
