epoch,time,lr,loss,acc,val_loss,val_acc
1,123.54810512499535,0.001,0.7297663527706864,68.69030273595597,0.397385755042338,85.36269430051813
