epoch,time,lr,loss,acc,val_loss,val_acc
1,99.47927887500009,0.001,0.05385907462461622,98.22916666666667,0.0011327658689229533,100.0
2,94.382076375,0.001,0.005020716352933145,99.79166666666667,0.0026121403456532528,99.77678571428571
