epoch,time,lr,loss,acc,val_loss,val_acc
1,124.05010366698843,0.001,0.3436624876393727,92.3425611138093,0.06906408538506245,98.18652849740933
2,121.69149075000314,0.001,0.07001976573908235,97.6363930710701,0.09796454859420976,97.40932642487047
3,123.8725445829914,0.001,0.06484297631552387,97.73352760239598,0.09773670508009936,97.27979274611398
4,123.79957854101667,0.001,0.06682505303478481,98.02493119637364,0.08155885056008638,97.53886010362694
5,120.78809449999244,0.001,0.04176719318722538,98.75344018131779,0.08075907027318863,98.57512953367876
6,122.18001416599145,0.001,0.029377483483871317,99.0934110409584,0.07235716226518017,97.79792746113989
