epoch,time,lr,loss,acc,val_loss,val_acc
1,110.21168333300011,0.001,0.15458601089343682,94.67378986563057,0.03973619035720208,98.57512953367876
2,98.89839391699934,0.001,0.05503450821128037,97.9763639307107,0.07562799746993389,97.53886010362694
3,98.69520162499975,0.001,0.042341186767373154,98.67249473854622,0.041605197375765735,98.3160621761658
4,98.03393366700038,0.001,0.03557981219732498,98.86676380119799,0.024553920318483535,99.22279792746114
5,97.79281766700296,0.001,0.026459150504132695,99.06103286384976,0.02720694960676462,98.57512953367876
