epoch,time,lr,loss,acc,val_loss,val_acc
1,82.52394337499936,0.001,0.3173372922726042,91.84069936862555,0.19671253813671943,92.09844559585493
2,81.26194487500106,0.001,0.12297597262988454,96.2765096325077,0.08144316984427408,97.40932642487047
3,81.32926108299944,0.001,0.08610604576958274,97.05358588311478,0.034195445420056425,98.70466321243524
4,81.35552941700007,0.001,0.0851745515970113,97.24785494576655,0.07779420028730788,98.05699481865285
5,81.43489566599965,0.001,0.07994982622224903,97.60401489396148,0.05372360762548899,97.92746113989638
6,81.60183133399914,0.001,0.0671500907817357,97.91160757649344,0.05610040474412818,98.57512953367876
7,81.74278216600214,0.001,0.055322069907824796,98.25157843613404,0.06400671857213143,97.79792746113989
8,81.82130620899989,0.001,0.05066100305543514,98.36490205601424,0.05151076209514252,98.44559585492227
